,Meta_Name,Meta_Content,Unigram,Top 20 Frequency Unigram,Bigram,Top 20 Bigram,Image URL
0,viewport,"width=device-width, initial-scale=1.0, minimum-scale=1.0, maximum-scale=1.0, user-scalable=0",Exeter,"(',', 103)","('Exeter', '-')","(('.', 'We'), 10)",https://www.exeterpremedia.com/wp-content/uploads/2019/06/exeterpremedia-logo-.webp
1,format-detection,"IE=edge,chrome=1",-,"('.', 46)","('-', 'Services')","(('.', 'Our'), 8)",https://www.exeterpremedia.com/wp-content/uploads/2019/08/156557581042533096-1.png
2,description,telephone=no,Services,"('Services', 15)","('Services', 'Kriyadocs')","(('Exeter', '’'), 7)",
3,twitter:card,"Exeter provides editorial services such copyediting, proofreading and indexing, XML conversion services, artwork services and project management services.",Kriyadocs,"('services', 15)","('Kriyadocs', 'services')","(('Editorial', 'Services'), 5)",
4,twitter:description,en_US,services,"('We', 15)","('services', 'EDITORIAL')","(('Data', 'Services'), 5)",
5,twitter:title,article,EDITORIAL,"(')', 15)","('EDITORIAL', 'SERVICES')","(('Project', 'Management'), 5)",
6,twitter:site,Exeter - Services,SERVICES,"('-', 14)","('SERVICES', 'DATA')","((')', ','), 5)",
7,twitter:creator,"Exeter provides editorial services such copyediting, proofreading and indexing, XML conversion services, artwork services and project management services.",DATA,"('(', 14)","('DATA', 'SERVICES')","(('Artwork', '&'), 4)",
8,generator,https://www.exeterpremedia.com/services/,SERVICES,"('’', 12)","('SERVICES', 'ARTWORK')","(('&', 'Design'), 4)",
9,generator,Exeter,ARTWORK,"('Design', 10)","('ARTWORK', '&')","((')', '.'), 4)",
10,generator,summary_large_image,&,"('publishers', 10)","('&', 'DESIGN')","((',', 'Adobe'), 4)",
11,generator,"Exeter provides editorial services such copyediting, proofreading and indexing, XML conversion services, artwork services and project management services.",DESIGN,"('Our', 9)","('DESIGN', 'PROJECT')","(('authors', 'publishers'), 3)",
12,generator,Exeter - Services,PROJECT,"('Exeter', 8)","('PROJECT', 'MANAGEMENT')","(('turnaround', 'times'), 3)",
13,msapplication-TileImage,@Exeter_Premedia,MANAGEMENT,"('content', 8)","('MANAGEMENT', 'Resources')","(('times', '.'), 3)",
14,generator,@Exeter_Premedia,Resources,"('&', 7)","('Resources', 'BLOG')","(('etc', '.'), 3)",
15,,"Powered by LayerSlider 6.7.6 - Multi-Purpose, Responsive, Parallax, Mobile-Friendly Slider Plugin for WordPress.",BLOG,"('authors', 7)","('BLOG', 'About')","((',', 'including'), 3)",
16,,WordPress 5.2,About,"('books', 7)","('About', 'us')","(('page', 'composition'), 3)",
17,,MasterSlider 3.2.7 - Responsive Touch Image Slider,us,"('US', 6)","('us', 'ABOUT')","(('InDesign', ','), 3)",
18,,user,ABOUT,"('Data', 6)","('ABOUT', 'US')","(('Design', 'services'), 3)",
19,,"May 9, 2019",US,"('Artwork', 6)","('US', 'EVENTS')","(('books', 'journals'), 3)",
20,,"June 3, 2019",EVENTS,,"('EVENTS', 'NEWS')",,
21,,Exeter,NEWS,,"('NEWS', 'CONTACT')",,
22,,Powered by WPBakery Page Builder - drag and drop page builder for WordPress.,CONTACT,,"('CONTACT', 'US')",,
23,,"Powered by Slider Revolution 5.4.8 - responsive, Mobile-Friendly Slider Plugin for WordPress with comfortable drag and drop interface.",US,,"('US', 'careers')",,
24,,https://www.exeterpremedia.com/wp-content/uploads/2019/05/cropped-xfavicon-1.png.pagespeed.ic_._z8c2gtuz3-270x270.png,careers,,"('careers', 'Kriyadocs')",,
25,,Jupiter 6.1.1,Kriyadocs,,"('Kriyadocs', 'services')",,
26,,,services,,"('services', 'EDITORIAL')",,
27,,,EDITORIAL,,"('EDITORIAL', 'SERVICES')",,
28,,,SERVICES,,"('SERVICES', 'DATA')",,
29,,,DATA,,"('DATA', 'SERVICES')",,
30,,,SERVICES,,"('SERVICES', 'ARTWORK')",,
31,,,ARTWORK,,"('ARTWORK', '&')",,
32,,,&,,"('&', 'DESIGN')",,
33,,,DESIGN,,"('DESIGN', 'PROJECT')",,
34,,,PROJECT,,"('PROJECT', 'MANAGEMENT')",,
35,,,MANAGEMENT,,"('MANAGEMENT', 'Resources')",,
36,,,Resources,,"('Resources', 'BLOG')",,
37,,,BLOG,,"('BLOG', 'About')",,
38,,,About,,"('About', 'us')",,
39,,,us,,"('us', 'ABOUT')",,
40,,,ABOUT,,"('ABOUT', 'US')",,
41,,,US,,"('US', 'EVENTS')",,
42,,,EVENTS,,"('EVENTS', 'NEWS')",,
43,,,NEWS,,"('NEWS', 'CONTACT')",,
44,,,CONTACT,,"('CONTACT', 'US')",,
45,,,US,,"('US', 'careers')",,
46,,,careers,,"('careers', 'Editorial')",,
47,,,Editorial,,"('Editorial', 'Services')",,
48,,,Services,,"('Services', 'Data')",,
49,,,Data,,"('Data', 'Services')",,
50,,,Services,,"('Services', 'Artwork')",,
51,,,Artwork,,"('Artwork', '&')",,
52,,,&,,"('&', 'Design')",,
53,,,Design,,"('Design', 'Project')",,
54,,,Project,,"('Project', 'Management')",,
55,,,Management,,"('Management', 'Editorial')",,
56,,,Editorial,,"('Editorial', 'Services')",,
57,,,Services,,"('Services', 'Data')",,
58,,,Data,,"('Data', 'Services')",,
59,,,Services,,"('Services', 'Artwork')",,
60,,,Artwork,,"('Artwork', '&')",,
61,,,&,,"('&', 'Design')",,
62,,,Design,,"('Design', 'Project')",,
63,,,Project,,"('Project', 'Management')",,
64,,,Management,,"('Management', 'Exeter')",,
65,,,Exeter,,"('Exeter', '’')",,
66,,,’,,"('’', 'end-to-end')",,
67,,,end-to-end,,"('end-to-end', 'digital')",,
68,,,digital,,"('digital', 'publishing')",,
69,,,publishing,,"('publishing', 'services')",,
70,,,services,,"('services', 'designed')",,
71,,,designed,,"('designed', 'enable')",,
72,,,enable,,"('enable', 'authors')",,
73,,,authors,,"('authors', 'publishers')",,
74,,,publishers,,"('publishers', 'obtain')",,
75,,,obtain,,"('obtain', 'output')",,
76,,,output,,"('output', 'outstanding')",,
77,,,outstanding,,"('outstanding', 'quality')",,
78,,,quality,,"('quality', 'minimal')",,
79,,,minimal,,"('minimal', 'turnaround')",,
80,,,turnaround,,"('turnaround', 'times')",,
81,,,times,,"('times', '.')",,
82,,,.,,"('.', 'Our')",,
83,,,Our,,"('Our', 'processes')",,
84,,,processes,,"('processes', 'streamlined')",,
85,,,streamlined,,"('streamlined', 'platform-driven')",,
86,,,platform-driven,,"('platform-driven', ',')",,
87,,,",",,"(',', 'leaving')",,
88,,,leaving,,"('leaving', 'little')",,
89,,,little,,"('little', 'room')",,
90,,,room,,"('room', 'unintended')",,
91,,,unintended,,"('unintended', 'manual')",,
92,,,manual,,"('manual', 'errors')",,
93,,,errors,,"('errors', '.')",,
94,,,.,,"('.', 'We')",,
95,,,We,,"('We', 'dedicated')",,
96,,,dedicated,,"('dedicated', 'teams')",,
97,,,teams,,"('teams', 'specialized')",,
98,,,specialized,,"('specialized', 'skill')",,
99,,,skill,,"('skill', 'sets')",,
100,,,sets,,"('sets', 'defined')",,
101,,,defined,,"('defined', 'service')",,
102,,,service,,"('service', 'categories')",,
103,,,categories,,"('categories', 'copyediting')",,
104,,,copyediting,,"('copyediting', 'proofreading')",,
105,,,proofreading,,"('proofreading', '.')",,
106,,,.,,"('.', 'They')",,
107,,,They,,"('They', 'experienced')",,
108,,,experienced,,"('experienced', 'producing')",,
109,,,producing,,"('producing', 'publications')",,
110,,,publications,,"('publications', 'varied')",,
111,,,varied,,"('varied', 'fields')",,
112,,,fields,,"('fields', 'Science')",,
113,,,Science,,"('Science', ',')",,
114,,,",",,"(',', 'Technical')",,
115,,,Technical,,"('Technical', ',')",,
116,,,",",,"(',', 'Medicine')",,
117,,,Medicine,,"('Medicine', '(')",,
118,,,(,,"('(', 'STM')",,
119,,,STM,,"('STM', ')')",,
120,,,),,"(')', ',')",,
121,,,",",,"(',', 'education')",,
122,,,education,,"('education', ',')",,
123,,,",",,"(',', 'social')",,
124,,,social,,"('social', 'sciences')",,
125,,,sciences,,"('sciences', 'etc')",,
126,,,etc,,"('etc', '.')",,
127,,,.,,"('.', 'covering')",,
128,,,covering,,"('covering', 'breadth')",,
129,,,breadth,,"('breadth', 'academic')",,
130,,,academic,,"('academic', 'scholarly')",,
131,,,scholarly,,"('scholarly', 'publishing')",,
132,,,publishing,,"('publishing', ',')",,
133,,,",",,"(',', 'continually')",,
134,,,continually,,"('continually', 'keep')",,
135,,,keep,,"('keep', 'updated')",,
136,,,updated,,"('updated', 'changes')",,
137,,,changes,,"('changes', 'standards')",,
138,,,standards,,"('standards', 'technology')",,
139,,,technology,,"('technology', 'advances')",,
140,,,advances,,"('advances', '.')",,
141,,,.,,"('.', 'Our')",,
142,,,Our,,"('Our', 'services')",,
143,,,services,,"('services', 'spectrum')",,
144,,,spectrum,,"('spectrum', 'includes')",,
145,,,includes,,"('includes', 'Editorial')",,
146,,,Editorial,,"('Editorial', 'Services')",,
147,,,Services,,"('Services', ',')",,
148,,,",",,"(',', 'Data')",,
149,,,Data,,"('Data', 'Services')",,
150,,,Services,,"('Services', ',')",,
151,,,",",,"(',', 'Artwork')",,
152,,,Artwork,,"('Artwork', '&')",,
153,,,&,,"('&', 'Design')",,
154,,,Design,,"('Design', 'end-to-end')",,
155,,,end-to-end,,"('end-to-end', 'Project')",,
156,,,Project,,"('Project', 'Management')",,
157,,,Management,,"('Management', '.')",,
158,,,.,,"('.', 'Editorial')",,
159,,,Editorial,,"('Editorial', 'Services')",,
160,,,Services,,"('Services', 'Exeter')",,
161,,,Exeter,,"('Exeter', '’')",,
162,,,’,,"('’', 'Editorial')",,
163,,,Editorial,,"('Editorial', 'Services')",,
164,,,Services,,"('Services', 'help')",,
165,,,help,,"('help', 'achieve')",,
166,,,achieve,,"('achieve', 'editorial')",,
167,,,editorial,,"('editorial', 'excellence')",,
168,,,excellence,,"('excellence', ',')",,
169,,,",",,"(',', 'stand')",,
170,,,stand,,"('stand', 'succeed')",,
171,,,succeed,,"('succeed', 'publishing')",,
172,,,publishing,,"('publishing', 'goals')",,
173,,,goals,,"('goals', '.')",,
174,,,.,,"('.', 'We')",,
175,,,We,,"('We', 'experts')",,
176,,,experts,,"('experts', 'business')",,
177,,,business,,"('business', 'publishing')",,
178,,,publishing,,"('publishing', 'content')",,
179,,,content,,"('content', 'perfected')",,
180,,,perfected,,"('perfected', 'art')",,
181,,,art,,"('art', 'science')",,
182,,,science,,"('science', 'editorial')",,
183,,,editorial,,"('editorial', 'nuances')",,
184,,,nuances,,"('nuances', 'meets')",,
185,,,meets,,"('meets', 'needs')",,
186,,,needs,,"('needs', 'publishers')",,
187,,,publishers,,"('publishers', 'authors')",,
188,,,authors,,"('authors', 'looking')",,
189,,,looking,,"('looking', 'highest')",,
190,,,highest,,"('highest', 'quality')",,
191,,,quality,,"('quality', 'quick')",,
192,,,quick,,"('quick', 'turnaround')",,
193,,,turnaround,,"('turnaround', 'times')",,
194,,,times,,"('times', '.')",,
195,,,.,,"('.', 'Machine')",,
196,,,Machine,,"('Machine', 'learning')",,
197,,,learning,,"('learning', 'underlies')",,
198,,,underlies,,"('underlies', 'editorial')",,
199,,,editorial,,"('editorial', 'processes')",,
200,,,processes,,"('processes', '–')",,
201,,,–,,"('–', 'thus')",,
202,,,thus,,"('thus', 'ensuring')",,
203,,,ensuring,,"('ensuring', 'high')",,
204,,,high,,"('high', 'degree')",,
205,,,degree,,"('degree', 'quality')",,
206,,,quality,,"('quality', 'constantly')",,
207,,,constantly,,"('constantly', 'evolving')",,
208,,,evolving,,"('evolving', 'capability')",,
209,,,capability,,"('capability', '.')",,
210,,,.,,"('.', 'Copyediting')",,
211,,,Copyediting,,"('Copyediting', 'We')",,
212,,,We,,"('We', 'turn')",,
213,,,turn,,"('turn', 'good')",,
214,,,good,,"('good', 'book')",,
215,,,book,,"('book', 'great')",,
216,,,great,,"('great', 'book')",,
217,,,book,,"('book', 'workflow-driven')",,
218,,,workflow-driven,,"('workflow-driven', ',')",,
219,,,",",,"(',', 'collaborative')",,
220,,,collaborative,,"('collaborative', 'comprehensive')",,
221,,,comprehensive,,"('comprehensive', 'copyediting')",,
222,,,copyediting,,"('copyediting', 'services')",,
223,,,services,,"('services', '.')",,
224,,,.,,"('.', 'We')",,
225,,,We,,"('We', 'give')",,
226,,,give,,"('give', 'primacy')",,
227,,,primacy,,"('primacy', 'retaining')",,
228,,,retaining,,"('retaining', 'author')",,
229,,,author,,"('author', '’')",,
230,,,’,,"('’', 'voice')",,
231,,,voice,,"('voice', 'understanding')",,
232,,,understanding,,"('understanding', 'context')",,
233,,,context,,"('context', 'direct')",,
234,,,direct,,"('direct', 'interactions')",,
235,,,interactions,,"('interactions', 'authors')",,
236,,,authors,,"('authors', '.')",,
237,,,.,,"('.', 'Machine')",,
238,,,Machine,,"('Machine', 'learning-driven')",,
239,,,learning-driven,,"('learning-driven', 'examination')",,
240,,,examination,,"('examination', 'text')",,
241,,,text,,"('text', 'flow')",,
242,,,flow,,"('flow', ',')",,
243,,,",",,"(',', 'grammar')",,
244,,,grammar,,"('grammar', ',')",,
245,,,",",,"(',', 'errors')",,
246,,,errors,,"('errors', ',')",,
247,,,",",,"(',', 'repetitions')",,
248,,,repetitions,,"('repetitions', ',')",,
249,,,",",,"(',', 'style')",,
250,,,style,,"('style', 'mismatch')",,
251,,,mismatch,,"('mismatch', 'inconsistencies')",,
252,,,inconsistencies,,"('inconsistencies', 'ensures')",,
253,,,ensures,,"('ensures', 'fine')",,
254,,,fine,,"('fine', 'copy')",,
255,,,copy,,"('copy', '.')",,
256,,,.,,"('.', 'The')",,
257,,,The,,"('The', 'checks')",,
258,,,checks,,"('checks', 'provided')",,
259,,,provided,,"('provided', 'include')",,
260,,,include,,"('include', '–')",,
261,,,–,,"('–', 'Spelling')",,
262,,,Spelling,,"('Spelling', ',')",,
263,,,",",,"(',', 'including')",,
264,,,including,,"('including', 'UK')",,
265,,,UK,,"('UK', 'US')",,
266,,,US,,"('US', 'English')",,
267,,,English,,"('English', 'Grammar')",,
268,,,Grammar,,"('Grammar', ',')",,
269,,,",",,"(',', 'including')",,
270,,,including,,"('including', 'rephrasing')",,
271,,,rephrasing,,"('rephrasing', 'sentences')",,
272,,,sentences,,"('sentences', 'References')",,
273,,,References,,"('References', 'footnotes')",,
274,,,footnotes,,"('footnotes', 'style')",,
275,,,style,,"('style', 'publishing')",,
276,,,publishing,,"('publishing', ',')",,
277,,,",",,"(',', 'technical')",,
278,,,technical,,"('technical', 'accuracy')",,
279,,,accuracy,,"('accuracy', 'placement')",,
280,,,placement,,"('placement', 'citations')",,
281,,,citations,,"('citations', 'Appropriate')",,
282,,,Appropriate,,"('Appropriate', 'consistent')",,
283,,,consistent,,"('consistent', 'captioning')",,
284,,,captioning,,"('captioning', 'figures')",,
285,,,figures,,"('figures', 'tables')",,
286,,,tables,,"('tables', 'Mathematical')",,
287,,,Mathematical,,"('Mathematical', 'equations')",,
288,,,equations,,"('equations', 'subscripts')",,
289,,,subscripts,,"('subscripts', ',')",,
290,,,",",,"(',', 'superscripts')",,
291,,,superscripts,,"('superscripts', ',')",,
292,,,",",,"(',', 'exponents')",,
293,,,exponents,,"('exponents', 'symbols')",,
294,,,symbols,,"('symbols', 'Proofreading')",,
295,,,Proofreading,,"('Proofreading', 'Proofreading')",,
296,,,Proofreading,,"('Proofreading', 'perhaps')",,
297,,,perhaps,,"('perhaps', 'important')",,
298,,,important,,"('important', 'step')",,
299,,,step,,"('step', 'producing')",,
300,,,producing,,"('producing', 'ready-for-publication')",,
301,,,ready-for-publication,,"('ready-for-publication', 'book')",,
302,,,book,,"('book', 'journal')",,
303,,,journal,,"('journal', '.')",,
304,,,.,,"('.', 'Exeter')",,
305,,,Exeter,,"('Exeter', '’')",,
306,,,’,,"('’', 'highly')",,
307,,,highly,,"('highly', 'proficient')",,
308,,,proficient,,"('proficient', 'team')",,
309,,,team,,"('team', 'ensures')",,
310,,,ensures,,"('ensures', 'crucial')",,
311,,,crucial,,"('crucial', 'check')",,
312,,,check,,"('check', 'copyedited')",,
313,,,copyedited,,"('copyedited', 'text')",,
314,,,text,,"('text', 'produces')",,
315,,,produces,,"('produces', 'output')",,
316,,,output,,"('output', 'consistent')",,
317,,,consistent,,"('consistent', ',')",,
318,,,",",,"(',', 'complies')",,
319,,,complies,,"('complies', 'publisher')",,
320,,,publisher,,"('publisher', '’')",,
321,,,’,,"('’', 'house')",,
322,,,house,,"('house', 'style')",,
323,,,style,,"('style', 'meets')",,
324,,,meets,,"('meets', 'highest')",,
325,,,highest,,"('highest', 'standards')",,
326,,,standards,,"('standards', '.')",,
327,,,.,,"('.', 'Apart')",,
328,,,Apart,,"('Apart', 'checking')",,
329,,,checking,,"('checking', 'typical')",,
330,,,typical,,"('typical', 'errors')",,
331,,,errors,,"('errors', 'style')",,
332,,,style,,"('style', ',')",,
333,,,",",,"(',', 'fonts')",,
334,,,fonts,,"('fonts', ',')",,
335,,,",",,"(',', 'capitalisation')",,
336,,,capitalisation,,"('capitalisation', ',')",,
337,,,",",,"(',', 'italicisation')",,
338,,,italicisation,,"('italicisation', ',')",,
339,,,",",,"(',', 'hyphenation')",,
340,,,hyphenation,,"('hyphenation', ',')",,
341,,,",",,"(',', 'correct')",,
342,,,correct,,"('correct', 'usage')",,
343,,,usage,,"('usage', 'symbols')",,
344,,,symbols,,"('symbols', '(')",,
345,,,(,,"('(', 'example')",,
346,,,example,,"('example', 'equations')",,
347,,,equations,,"('equations', ')')",,
348,,,),,"(')', ',')",,
349,,,",",,"(',', 'also')",,
350,,,also,,"('also', 'ensure')",,
351,,,ensure,,"('ensure', 'consistency')",,
352,,,consistency,,"('consistency', 'typefaces')",,
353,,,typefaces,,"('typefaces', 'hierarchies')",,
354,,,hierarchies,,"('hierarchies', '.')",,
355,,,.,,"('.', 'Be')",,
356,,,Be,,"('Be', 'journal')",,
357,,,journal,,"('journal', 'articles')",,
358,,,articles,,"('articles', ',')",,
359,,,",",,"(',', 'books')",,
360,,,books,,"('books', ',')",,
361,,,",",,"(',', 'PhD')",,
362,,,PhD,,"('PhD', 'theses')",,
363,,,theses,,"('theses', ',')",,
364,,,",",,"(',', 'dissertations')",,
365,,,dissertations,,"('dissertations', ',')",,
366,,,",",,"(',', 'proposals')",,
367,,,proposals,,"('proposals', 'STM')",,
368,,,STM,,"('STM', 'field')",,
369,,,field,,"('field', '–')",,
370,,,–,,"('–', 'proofread')",,
371,,,proofread,,"('proofread', 'produce')",,
372,,,produce,,"('produce', 'polished')",,
373,,,polished,,"('polished', 'content')",,
374,,,content,,"('content', '.')",,
375,,,.,,"('.', 'Indexing')",,
376,,,Indexing,,"('Indexing', 'An')",,
377,,,An,,"('An', 'index')",,
378,,,index,,"('index', 'collection')",,
379,,,collection,,"('collection', 'mere')",,
380,,,mere,,"('mere', 'keywords')",,
381,,,keywords,,"('keywords', 'phrases')",,
382,,,phrases,,"('phrases', ',')",,
383,,,",",,"(',', 'organized')",,
384,,,organized,,"('organized', 'map')",,
385,,,map,,"('map', 'contents')",,
386,,,contents,,"('contents', ',')",,
387,,,",",,"(',', 'including')",,
388,,,including,,"('including', 'cross-references')",,
389,,,cross-references,,"('cross-references', ',')",,
390,,,",",,"(',', 'grouping')",,
391,,,grouping,,"('grouping', 'like')",,
392,,,like,,"('like', 'concepts')",,
393,,,concepts,,"('concepts', 'useful')",,
394,,,useful,,"('useful', 'information')",,
395,,,information,,"('information', 'intellectual')",,
396,,,intellectual,,"('intellectual', 'analysis')",,
397,,,analysis,,"('analysis', '(')",,
398,,,(,,"('(', 'especially')",,
399,,,especially,,"('especially', ',')",,
400,,,",",,"(',', 'non-trade')",,
401,,,non-trade,,"('non-trade', 'publications')",,
402,,,publications,,"('publications', ')')",,
403,,,),,"(')', '.')",,
404,,,.,,"('.', 'The')",,
405,,,The,,"('The', 'absence')",,
406,,,absence,,"('absence', 'may')",,
407,,,may,,"('may', 'make')",,
408,,,make,,"('make', 'even')",,
409,,,even,,"('even', 'good')",,
410,,,good,,"('good', 'subject')",,
411,,,subject,,"('subject', 'content')",,
412,,,content,,"('content', 'go')",,
413,,,go,,"('go', 'unnoticed')",,
414,,,unnoticed,,"('unnoticed', 'reader')",,
415,,,reader,,"('reader', '.')",,
416,,,.,,"('.', 'Exeter')",,
417,,,Exeter,,"('Exeter', '’')",,
418,,,’,,"('’', 'professional')",,
419,,,professional,,"('professional', 'indexers')",,
420,,,indexers,,"('indexers', 'ensure')",,
421,,,ensure,,"('ensure', 'content')",,
422,,,content,,"('content', 'indexed')",,
423,,,indexed,,"('indexed', 'comprehensively')",,
424,,,comprehensively,,"('comprehensively', 'related')",,
425,,,related,,"('related', 'concepts')",,
426,,,concepts,,"('concepts', 'different')",,
427,,,different,,"('different', 'sections')",,
428,,,sections,,"('sections', 'book')",,
429,,,book,,"('book', 'cross-referenced')",,
430,,,cross-referenced,,"('cross-referenced', 'grouped')",,
431,,,grouped,,"('grouped', '.')",,
432,,,.,,"('.', 'We')",,
433,,,We,,"('We', 'create')",,
434,,,create,,"('create', 'simple')",,
435,,,simple,,"('simple', ',')",,
436,,,",",,"(',', 'keyword')",,
437,,,keyword,,"('keyword', 'based')",,
438,,,based,,"('based', ',')",,
439,,,",",,"(',', 'flat')",,
440,,,flat,,"('flat', '(')",,
441,,,(,,"('(', 'single-level')",,
442,,,single-level,,"('single-level', ')')",,
443,,,),,"(')', 'author')",,
444,,,author,,"('author', 'subject')",,
445,,,subject,,"('subject', 'indexes')",,
446,,,indexes,,"('indexes', 'complex')",,
447,,,complex,,"('complex', ',')",,
448,,,",",,"(',', 'topical')",,
449,,,topical,,"('topical', ',')",,
450,,,",",,"(',', 'multi-level')",,
451,,,multi-level,,"('multi-level', 'indexes')",,
452,,,indexes,,"('indexes', 'content-intensive')",,
453,,,content-intensive,,"('content-intensive', 'books')",,
454,,,books,,"('books', 'publications')",,
455,,,publications,,"('publications', 'increase')",,
456,,,increase,,"('increase', 'value')",,
457,,,value,,"('value', 'publication')",,
458,,,publication,,"('publication', 'manifold')",,
459,,,manifold,,"('manifold', '.')",,
460,,,.,,"('.', 'Data')",,
461,,,Data,,"('Data', 'Services')",,
462,,,Services,,"('Services', 'Exeter')",,
463,,,Exeter,,"('Exeter', '’')",,
464,,,’,,"('’', 'Data')",,
465,,,Data,,"('Data', 'Services')",,
466,,,Services,,"('Services', 'help')",,
467,,,help,,"('help', 'publishers')",,
468,,,publishers,,"('publishers', 'go')",,
469,,,go,,"('go', 'digital')",,
470,,,digital,,"('digital', '.')",,
471,,,.,,"('.', 'Backed')",,
472,,,Backed,,"('Backed', '15')",,
473,,,15,,"('15', 'years')",,
474,,,years,,"('years', 'experience')",,
475,,,experience,,"('experience', ',')",,
476,,,",",,"(',', 'data')",,
477,,,data,,"('data', 'conversion')",,
478,,,conversion,,"('conversion', 'services')",,
479,,,services,,"('services', 'enable')",,
480,,,enable,,"('enable', 'create')",,
481,,,create,,"('create', 'new')",,
482,,,new,,"('new', 'publication')",,
483,,,publication,,"('publication', 'also')",,
484,,,also,,"('also', 'migrate')",,
485,,,migrate,,"('migrate', 'existing')",,
486,,,existing,,"('existing', 'print')",,
487,,,print,,"('print', 'versions')",,
488,,,versions,,"('versions', 'multiple')",,
489,,,multiple,,"('multiple', 'digital')",,
490,,,digital,,"('digital', 'formats')",,
491,,,formats,,"('formats', '.')",,
492,,,.,,"('.', 'We')",,
493,,,We,,"('We', 'single')",,
494,,,single,,"('single', 'point')",,
495,,,point,,"('point', 'contact')",,
496,,,contact,,"('contact', 'ensure')",,
497,,,ensure,,"('ensure', 'successful')",,
498,,,successful,,"('successful', 'content')",,
499,,,content,,"('content', 'conversions')",,
500,,,conversions,,"('conversions', 'various')",,
501,,,various,,"('various', 'data')",,
502,,,data,,"('data', 'sources')",,
503,,,sources,,"('sources', 'typeset')",,
504,,,typeset,,"('typeset', 'format')",,
505,,,format,,"('format', 'needed')",,
506,,,needed,,"('needed', 'without')",,
507,,,without,,"('without', 'compromising')",,
508,,,compromising,,"('compromising', 'quality')",,
509,,,quality,,"('quality', '.')",,
510,,,.,,"('.', 'Typesetting')",,
511,,,Typesetting,,"('Typesetting', 'Our')",,
512,,,Our,,"('Our', 'typesetting')",,
513,,,typesetting,,"('typesetting', 'page')",,
514,,,page,,"('page', 'composition')",,
515,,,composition,,"('composition', 'services')",,
516,,,services,,"('services', 'based')",,
517,,,based,,"('based', 'XML-first')",,
518,,,XML-first,,"('XML-first', 'workflow')",,
519,,,workflow,,"('workflow', 'preserves')",,
520,,,preserves,,"('preserves', 'integrity')",,
521,,,integrity,,"('integrity', 'XML')",,
522,,,XML,,"('XML', 'file')",,
523,,,file,,"('file', 'throughout')",,
524,,,throughout,,"('throughout', 'various')",,
525,,,various,,"('various', 'stages')",,
526,,,stages,,"('stages', 'production')",,
527,,,production,,"('production', 'cycle')",,
528,,,cycle,,"('cycle', 'ensuring')",,
529,,,ensuring,,"('ensuring', 'XML')",,
530,,,XML,,"('XML', 'file')",,
531,,,file,,"('file', 'compliant')",,
532,,,compliant,,"('compliant', 'publisher')",,
533,,,publisher,,"('publisher', '’')",,
534,,,’,,"('’', 'DTD')",,
535,,,DTD,,"('DTD', 'stage')",,
536,,,stage,,"('stage', ',')",,
537,,,",",,"(',', 'means')",,
538,,,means,,"('means', 'XML')",,
539,,,XML,,"('XML', 'generated')",,
540,,,generated,,"('generated', 'literally')",,
541,,,literally,,"('literally', 'demand')",,
542,,,demand,,"('demand', '.')",,
543,,,.,,"('.', 'These')",,
544,,,These,,"('These', 'end-to-end')",,
545,,,end-to-end,,"('end-to-end', 'page')",,
546,,,page,,"('page', 'composition')",,
547,,,composition,,"('composition', 'services')",,
548,,,services,,"('services', 'catering')",,
549,,,catering,,"('catering', 'books')",,
550,,,books,,"('books', 'STM')",,
551,,,STM,,"('STM', 'journals')",,
552,,,journals,,"('journals', 'range')",,
553,,,range,,"('range', 'simple')",,
554,,,simple,,"('simple', 'text')",,
555,,,text,,"('text', 'pages')",,
556,,,pages,,"('pages', 'containing')",,
557,,,containing,,"('containing', 'complex')",,
558,,,complex,,"('complex', 'mathematical')",,
559,,,mathematical,,"('mathematical', 'equations')",,
560,,,equations,,"('equations', ';')",,
561,,,;,,"(';', 'single')",,
562,,,single,,"('single', 'column')",,
563,,,column,,"('column', 'multi-column')",,
564,,,multi-column,,"('multi-column', 'single')",,
565,,,single,,"('single', 'colored')",,
566,,,colored,,"('colored', 'multi-colored')",,
567,,,multi-colored,,"('multi-colored', 'presentation')",,
568,,,presentation,,"('presentation', '.')",,
569,,,.,,"('.', 'We')",,
570,,,We,,"('We', 'well-versed')",,
571,,,well-versed,,"('well-versed', '3B2')",,
572,,,3B2,,"('3B2', ',')",,
573,,,",",,"(',', 'InDesign')",,
574,,,InDesign,,"('InDesign', ',')",,
575,,,",",,"(',', 'LaTeX')",,
576,,,LaTeX,,"('LaTeX', ',')",,
577,,,",",,"(',', 'QuarkXPress')",,
578,,,QuarkXPress,,"('QuarkXPress', 'XSL-FO')",,
579,,,XSL-FO,,"('XSL-FO', '.')",,
580,,,.,,"('.', 'Data')",,
581,,,Data,,"('Data', 'Conversion')",,
582,,,Conversion,,"('Conversion', 'We')",,
583,,,We,,"('We', 'convert')",,
584,,,convert,,"('convert', 'composite')",,
585,,,composite,,"('composite', 'material')",,
586,,,material,,"('material', 'equations')",,
587,,,equations,,"('equations', 'tables')",,
588,,,tables,,"('tables', ',')",,
589,,,",",,"(',', 'page')",,
590,,,page,,"('page', 'composition')",,
591,,,composition,,"('composition', 'software')",,
592,,,software,,"('software', '(')",,
593,,,(,,"('(', 'HTML')",,
594,,,HTML,,"('HTML', ',')",,
595,,,",",,"(',', 'Adobe')",,
596,,,Adobe,,"('Adobe', 'InDesign')",,
597,,,InDesign,,"('InDesign', ',')",,
598,,,",",,"(',', 'QuarkXpress')",,
599,,,QuarkXpress,,"('QuarkXpress', ',')",,
600,,,",",,"(',', 'MS')",,
601,,,MS,,"('MS', 'Word')",,
602,,,Word,,"('Word', ')')",,
603,,,),,"(')', 'even')",,
604,,,even,,"('even', 'hard')",,
605,,,hard,,"('hard', 'copies')",,
606,,,copies,,"('copies', 'XML')",,
607,,,XML,,"('XML', ',')",,
608,,,",",,"(',', 'HTML')",,
609,,,HTML,,"('HTML', ',')",,
610,,,",",,"(',', 'MS')",,
611,,,MS,,"('MS', 'Word')",,
612,,,Word,,"('Word', ',')",,
613,,,",",,"(',', 'PDF')",,
614,,,PDF,,"('PDF', 'ebook')",,
615,,,ebook,,"('ebook', 'formats')",,
616,,,formats,,"('formats', '(')",,
617,,,(,,"('(', 'PDF')",,
618,,,PDF,,"('PDF', ',')",,
619,,,",",,"(',', 'ePUB')",,
620,,,ePUB,,"('ePUB', ',')",,
621,,,",",,"(',', 'Mobipocket')",,
622,,,Mobipocket,,"('Mobipocket', ',')",,
623,,,",",,"(',', 'KF8')",,
624,,,KF8,,"('KF8', ',')",,
625,,,",",,"(',', 'Nook')",,
626,,,Nook,,"('Nook', 'etc')",,
627,,,etc,,"('etc', ')')",,
628,,,),,"(')', '.')",,
629,,,.,,"('.', 'Our')",,
630,,,Our,,"('Our', 'innovative')",,
631,,,innovative,,"('innovative', ',')",,
632,,,",",,"(',', 'systematic')",,
633,,,systematic,,"('systematic', 'best-practice')",,
634,,,best-practice,,"('best-practice', 'based')",,
635,,,based,,"('based', 'data')",,
636,,,data,,"('data', 'capture')",,
637,,,capture,,"('capture', ',')",,
638,,,",",,"(',', 'archival')",,
639,,,archival,,"('archival', 'imaging')",,
640,,,imaging,,"('imaging', ',')",,
641,,,",",,"(',', 'metadata')",,
642,,,metadata,,"('metadata', 'creation')",,
643,,,creation,,"('creation', ',')",,
644,,,",",,"(',', 'DTD/schema')",,
645,,,DTD/schema,,"('DTD/schema', 'development')",,
646,,,development,,"('development', 'XML')",,
647,,,XML,,"('XML', 'transformation')",,
648,,,transformation,,"('transformation', 'means')",,
649,,,means,,"('means', 'data')",,
650,,,data,,"('data', 'conversion')",,
651,,,conversion,,"('conversion', 'services')",,
652,,,services,,"('services', 'high')",,
653,,,high,,"('high', 'standards')",,
654,,,standards,,"('standards', ',')",,
655,,,",",,"(',', 'delivered')",,
656,,,delivered,,"('delivered', 'time')",,
657,,,time,,"('time', 'meeting')",,
658,,,meeting,,"('meeting', 'unique')",,
659,,,unique,,"('unique', 'requirements')",,
660,,,requirements,,"('requirements', '.')",,
661,,,.,,"('.', 'We')",,
662,,,We,,"('We', 'provide')",,
663,,,provide,,"('provide', 'ebook')",,
664,,,ebook,,"('ebook', 'conversion')",,
665,,,conversion,,"('conversion', ',')",,
666,,,",",,"(',', 'DTBook')",,
667,,,DTBook,,"('DTBook', 'conversion')",,
668,,,conversion,,"('conversion', '–')",,
669,,,–,,"('–', 'Digital')",,
670,,,Digital,,"('Digital', 'Accessible')",,
671,,,Accessible,,"('Accessible', 'Information')",,
672,,,Information,,"('Information', 'System')",,
673,,,System,,"('System', '(')",,
674,,,(,,"('(', 'DAISY')",,
675,,,DAISY,,"('DAISY', ')')",,
676,,,),,"(')', 'National')",,
677,,,National,,"('National', 'Instructional')",,
678,,,Instructional,,"('Instructional', 'Materials')",,
679,,,Materials,,"('Materials', 'Accessibility')",,
680,,,Accessibility,,"('Accessibility', 'Standard')",,
681,,,Standard,,"('Standard', '(')",,
682,,,(,,"('(', 'NIMAS')",,
683,,,NIMAS,,"('NIMAS', ')')",,
684,,,),,"(')', ',')",,
685,,,",",,"(',', 'XML')",,
686,,,XML,,"('XML', 'Conversion')",,
687,,,Conversion,,"('Conversion', ',')",,
688,,,",",,"(',', 'PubMed')",,
689,,,PubMed,,"('PubMed', 'Conversion')",,
690,,,Conversion,,"('Conversion', 'Services')",,
691,,,Services,,"('Services', '.')",,
692,,,.,,"('.', 'This')",,
693,,,This,,"('This', 'includes')",,
694,,,includes,,"('includes', 'enhanced')",,
695,,,enhanced,,"('enhanced', 'ePub')",,
696,,,ePub,,"('ePub', 'conversions')",,
697,,,conversions,,"('conversions', 'reflow')",,
698,,,reflow,,"('reflow', 'text')",,
699,,,text,,"('text', 'well')",,
700,,,well,,"('well', 'audio-')",,
701,,,audio-,,"('audio-', 'video-enabled')",,
702,,,video-enabled,,"('video-enabled', ',')",,
703,,,",",,"(',', 'HTML5-based')",,
704,,,HTML5-based,,"('HTML5-based', 'interactive')",,
705,,,interactive,,"('interactive', 'eBooks')",,
706,,,eBooks,,"('eBooks', '.')",,
707,,,.,,"('.', 'Artwork')",,
708,,,Artwork,,"('Artwork', '&')",,
709,,,&,,"('&', 'Design')",,
710,,,Design,,"('Design', 'Exeter')",,
711,,,Exeter,,"('Exeter', '’')",,
712,,,’,,"('’', 'Artwork')",,
713,,,Artwork,,"('Artwork', 'Design')",,
714,,,Design,,"('Design', 'services')",,
715,,,services,,"('services', 'enable')",,
716,,,enable,,"('enable', 'publishers')",,
717,,,publishers,,"('publishers', 'create')",,
718,,,create,,"('create', 'visually')",,
719,,,visually,,"('visually', 'pleasing')",,
720,,,pleasing,,"('pleasing', ',')",,
721,,,",",,"(',', 'dynamic')",,
722,,,dynamic,,"('dynamic', 'art')",,
723,,,art,,"('art', 'layouts')",,
724,,,layouts,,"('layouts', 'enhance')",,
725,,,enhance,,"('enhance', 'content')",,
726,,,content,,"('content', 'value')",,
727,,,value,,"('value', 'learning')",,
728,,,learning,,"('learning', 'outcomes')",,
729,,,outcomes,,"('outcomes', '.')",,
730,,,.,,"('.', 'From')",,
731,,,From,,"('From', 'intricate')",,
732,,,intricate,,"('intricate', 'design')",,
733,,,design,,"('design', 'templates')",,
734,,,templates,,"('templates', 'simple')",,
735,,,simple,,"('simple', 'vector')",,
736,,,vector,,"('vector', 'redraws')",,
737,,,redraws,,"('redraws', ',')",,
738,,,",",,"(',', 'creative')",,
739,,,creative,,"('creative', 'team')",,
740,,,team,,"('team', 'experience')",,
741,,,experience,,"('experience', 'tools')",,
742,,,tools,,"('tools', 'transform')",,
743,,,transform,,"('transform', 'ideas')",,
744,,,ideas,,"('ideas', 'dynamic')",,
745,,,dynamic,,"('dynamic', 'designs')",,
746,,,designs,,"('designs', '.')",,
747,,,.,,"('.', 'Our')",,
748,,,Our,,"('Our', 'Artwork')",,
749,,,Artwork,,"('Artwork', 'Design')",,
750,,,Design,,"('Design', 'services')",,
751,,,services,,"('services', 'include')",,
752,,,include,,"('include', 'comprehensive')",,
753,,,comprehensive,,"('comprehensive', 'illustrations')",,
754,,,illustrations,,"('illustrations', ',')",,
755,,,",",,"(',', 'graphic')",,
756,,,graphic,,"('graphic', 'designs')",,
757,,,designs,,"('designs', ',')",,
758,,,",",,"(',', 'websites')",,
759,,,websites,,"('websites', 'multimedia')",,
760,,,multimedia,,"('multimedia', 'designs')",,
761,,,designs,,"('designs', 'broad')",,
762,,,broad,,"('broad', 'range')",,
763,,,range,,"('range', 'books')",,
764,,,books,,"('books', 'journals')",,
765,,,journals,,"('journals', '.')",,
766,,,.,,"('.', 'Illustration')",,
767,,,Illustration,,"('Illustration', 'Services')",,
768,,,Services,,"('Services', 'We')",,
769,,,We,,"('We', 'process')",,
770,,,process,,"('process', 'figures')",,
771,,,figures,,"('figures', ',')",,
772,,,",",,"(',', 'illustrations')",,
773,,,illustrations,,"('illustrations', 'redraw')",,
774,,,redraw,,"('redraw', 'artwork')",,
775,,,artwork,,"('artwork', 'based')",,
776,,,based,,"('based', 'rough')",,
777,,,rough,,"('rough', 'sketch')",,
778,,,sketch,,"('sketch', 'provided')",,
779,,,provided,,"('provided', 'author')",,
780,,,author,,"('author', '.')",,
781,,,.,,"('.', 'Our')",,
782,,,Our,,"('Our', 'team')",,
783,,,team,,"('team', 'extensive')",,
784,,,extensive,,"('extensive', 'experience')",,
785,,,experience,,"('experience', 'graphics')",,
786,,,graphics,,"('graphics', 'software')",,
787,,,software,,"('software', 'including')",,
788,,,including,,"('including', 'Adobe')",,
789,,,Adobe,,"('Adobe', 'Photoshop')",,
790,,,Photoshop,,"('Photoshop', ',')",,
791,,,",",,"(',', 'Adobe')",,
792,,,Adobe,,"('Adobe', 'Illustrator')",,
793,,,Illustrator,,"('Illustrator', 'Corel')",,
794,,,Corel,,"('Corel', 'Draw')",,
795,,,Draw,,"('Draw', '.')",,
796,,,.,,"('.', 'We')",,
797,,,We,,"('We', 'also')",,
798,,,also,,"('also', 'handle')",,
799,,,handle,,"('handle', 'color')",,
800,,,color,,"('color', 'scanning')",,
801,,,scanning,,"('scanning', 'color')",,
802,,,color,,"('color', 'correction')",,
803,,,correction,,"('correction', '.')",,
804,,,.,,"('.', 'Our')",,
805,,,Our,,"('Our', 'illustrations')",,
806,,,illustrations,,"('illustrations', 'artwork')",,
807,,,artwork,,"('artwork', 'services')",,
808,,,services,,"('services', 'include')",,
809,,,include,,"('include', 'Situational')",,
810,,,Situational,,"('Situational', 'illustrations')",,
811,,,illustrations,,"('illustrations', ',')",,
812,,,",",,"(',', 'Technical')",,
813,,,Technical,,"('Technical', 'Medical')",,
814,,,Medical,,"('Medical', 'illustrations')",,
815,,,illustrations,,"('illustrations', 'Illustrations')",,
816,,,Illustrations,,"('Illustrations', 'children')",,
817,,,children,,"('children', '’')",,
818,,,’,,"('’', ',')",,
819,,,",",,"(',', 'fiction')",,
820,,,fiction,,"('fiction', ',')",,
821,,,",",,"(',', 'non-fiction')",,
822,,,non-fiction,,"('non-fiction', 'books')",,
823,,,books,,"('books', '.')",,
824,,,.,,"('.', 'Design')",,
825,,,Design,,"('Design', 'Services')",,
826,,,Services,,"('Services', 'We')",,
827,,,We,,"('We', 'team')",,
828,,,team,,"('team', 'professional')",,
829,,,professional,,"('professional', 'designers')",,
830,,,designers,,"('designers', 'capacities')",,
831,,,capacities,,"('capacities', 'extensive')",,
832,,,extensive,,"('extensive', 'experience')",,
833,,,experience,,"('experience', 'Adobe')",,
834,,,Adobe,,"('Adobe', 'Photoshop')",,
835,,,Photoshop,,"('Photoshop', ',')",,
836,,,",",,"(',', 'Adobe')",,
837,,,Adobe,,"('Adobe', 'Illustrator')",,
838,,,Illustrator,,"('Illustrator', ',')",,
839,,,",",,"(',', 'Adobe')",,
840,,,Adobe,,"('Adobe', 'InDesign')",,
841,,,InDesign,,"('InDesign', ',')",,
842,,,",",,"(',', 'Corel')",,
843,,,Corel,,"('Corel', 'Draw')",,
844,,,Draw,,"('Draw', ',')",,
845,,,",",,"(',', 'QuarkXPress')",,
846,,,QuarkXPress,,"('QuarkXPress', 'render')",,
847,,,render,,"('render', 'artwork')",,
848,,,artwork,,"('artwork', 'designs')",,
849,,,designs,,"('designs', 'meet')",,
850,,,meet,,"('meet', 'requirements')",,
851,,,requirements,,"('requirements', 'wide')",,
852,,,wide,,"('wide', 'range')",,
853,,,range,,"('range', 'clients')",,
854,,,clients,,"('clients', 'conventional')",,
855,,,conventional,,"('conventional', 'STM/Academic')",,
856,,,STM/Academic,,"('STM/Academic', 'publishers')",,
857,,,publishers,,"('publishers', ',')",,
858,,,",",,"(',', 'publishers')",,
859,,,publishers,,"('publishers', 'school')",,
860,,,school,,"('school', 'books/children')",,
861,,,books/children,,"('books/children', '’')",,
862,,,’,,"('’', 'books/educational')",,
863,,,books/educational,,"('books/educational', 'material')",,
864,,,material,,"('material', 'etc')",,
865,,,etc,,"('etc', '.')",,
866,,,.,,"('.', 'Our')",,
867,,,Our,,"('Our', 'Design')",,
868,,,Design,,"('Design', 'services')",,
869,,,services,,"('services', 'portfolio')",,
870,,,portfolio,,"('portfolio', 'includes')",,
871,,,includes,,"('includes', 'Graphic')",,
872,,,Graphic,,"('Graphic', 'Design')",,
873,,,Design,,"('Design', 'covering')",,
874,,,covering,,"('covering', 'Books')",,
875,,,Books,,"('Books', ',')",,
876,,,",",,"(',', 'Covers')",,
877,,,Covers,,"('Covers', '(')",,
878,,,(,,"('(', 'CD')",,
879,,,CD,,"('CD', 'magazine')",,
880,,,magazine,,"('magazine', 'covers')",,
881,,,covers,,"('covers', ')')",,
882,,,),,"(')', ',')",,
883,,,",",,"(',', 'Infographics')",,
884,,,Infographics,,"('Infographics', 'marketing')",,
885,,,marketing,,"('marketing', 'collateral')",,
886,,,collateral,,"('collateral', ';')",,
887,,,;,,"(';', 'Multimedia')",,
888,,,Multimedia,,"('Multimedia', 'Design')",,
889,,,Design,,"('Design', '(')",,
890,,,(,,"('(', 'HTML5')",,
891,,,HTML5,,"('HTML5', 'based')",,
892,,,based,,"('based', 'interactive')",,
893,,,interactive,,"('interactive', 'e-Books')",,
894,,,e-Books,,"('e-Books', ',')",,
895,,,",",,"(',', 'Audio')",,
896,,,Audio,,"('Audio', 'Video')",,
897,,,Video,,"('Video', 'editing')",,
898,,,editing,,"('editing', ',')",,
899,,,",",,"(',', 'Voice-overs')",,
900,,,Voice-overs,,"('Voice-overs', 'scripts')",,
901,,,scripts,,"('scripts', ',')",,
902,,,",",,"(',', '2D')",,
903,,,2D,,"('2D', '/')",,
904,,,/,,"('/', '3D')",,
905,,,3D,,"('3D', 'graphics')",,
906,,,graphics,,"('graphics', 'creation')",,
907,,,creation,,"('creation', 'animation')",,
908,,,animation,,"('animation', ')')",,
909,,,),,"(')', '.')",,
910,,,.,,"('.', 'End-to-End')",,
911,,,End-to-End,,"('End-to-End', 'Project')",,
912,,,Project,,"('Project', 'Management')",,
913,,,Management,,"('Management', 'Exeter')",,
914,,,Exeter,,"('Exeter', '’')",,
915,,,’,,"('’', 'Project')",,
916,,,Project,,"('Project', 'Management')",,
917,,,Management,,"('Management', 'services')",,
918,,,services,,"('services', 'ensure')",,
919,,,ensure,,"('ensure', 'authors')",,
920,,,authors,,"('authors', 'publishers')",,
921,,,publishers,,"('publishers', 'reap')",,
922,,,reap,,"('reap', 'benefits')",,
923,,,benefits,,"('benefits', 'global')",,
924,,,global,,"('global', 'best')",,
925,,,best,,"('best', 'practices')",,
926,,,practices,,"('practices', ',')",,
927,,,",",,"(',', 'proven')",,
928,,,proven,,"('proven', 'technologies')",,
929,,,technologies,,"('technologies', ',')",,
930,,,",",,"(',', 'skilled')",,
931,,,skilled,,"('skilled', 'professionals')",,
932,,,professionals,,"('professionals', 'faster')",,
933,,,faster,,"('faster', 'turnaround')",,
934,,,turnaround,,"('turnaround', 'times')",,
935,,,times,,"('times', '.')",,
936,,,.,,"('.', 'We')",,
937,,,We,,"('We', 'manage')",,
938,,,manage,,"('manage', 'end-to-end')",,
939,,,end-to-end,,"('end-to-end', 'production')",,
940,,,production,,"('production', 'books')",,
941,,,books,,"('books', 'journals')",,
942,,,journals,,"('journals', 'print')",,
943,,,print,,"('print', 'digital')",,
944,,,digital,,"('digital', 'media')",,
945,,,media,,"('media', '(')",,
946,,,(,,"('(', 'multiple')",,
947,,,multiple,,"('multiple', 'online')",,
948,,,online,,"('online', 'mobile')",,
949,,,mobile,,"('mobile', 'formats')",,
950,,,formats,,"('formats', ')')",,
951,,,),,"(')', '.')",,
952,,,.,,"('.', 'We')",,
953,,,We,,"('We', 'partner')",,
954,,,partner,,"('partner', 'authors')",,
955,,,authors,,"('authors', 'publishers')",,
956,,,publishers,,"('publishers', ',')",,
957,,,",",,"(',', 'take')",,
958,,,take,,"('take', 'complete')",,
959,,,complete,,"('complete', 'ownership')",,
960,,,ownership,,"('ownership', 'ensure')",,
961,,,ensure,,"('ensure', 'raw')",,
962,,,raw,,"('raw', 'manuscripts')",,
963,,,manuscripts,,"('manuscripts', 'turned')",,
964,,,turned,,"('turned', 'finely-polished')",,
965,,,finely-polished,,"('finely-polished', 'ready-for-publication')",,
966,,,ready-for-publication,,"('ready-for-publication', 'content')",,
967,,,content,,"('content', '.')",,
968,,,.,,"('.', 'Our')",,
969,,,Our,,"('Our', 'comprehensive')",,
970,,,comprehensive,,"('comprehensive', 'project')",,
971,,,project,,"('project', 'management')",,
972,,,management,,"('management', 'services')",,
973,,,services,,"('services', 'cover')",,
974,,,cover,,"('cover', ':')",,
975,,,:,,"(':', 'Analyzing')",,
976,,,Analyzing,,"('Analyzing', 'understanding')",,
977,,,understanding,,"('understanding', 'needs')",,
978,,,needs,,"('needs', 'publishers')",,
979,,,publishers,,"('publishers', 'Working')",,
980,,,Working,,"('Working', 'together')",,
981,,,together,,"('together', 'publishers')",,
982,,,publishers,,"('publishers', ',')",,
983,,,",",,"(',', 'editors')",,
984,,,editors,,"('editors', 'proofreaders')",,
985,,,proofreaders,,"('proofreaders', 'Interacting')",,
986,,,Interacting,,"('Interacting', 'directly')",,
987,,,directly,,"('directly', 'authors')",,
988,,,authors,,"('authors', 'query')",,
989,,,query,,"('query', 'resolutions')",,
990,,,resolutions,,"('resolutions', ',')",,
991,,,",",,"(',', 'seeking')",,
992,,,seeking,,"('seeking', 'copyright')",,
993,,,copyright,,"('copyright', 'permissions')",,
994,,,permissions,,"('permissions', 'material')",,
995,,,material,,"('material', '(')",,
996,,,(,,"('(', 'figures')",,
997,,,figures,,"('figures', ',')",,
998,,,",",,"(',', 'tables')",,
999,,,tables,,"('tables', ',')",,
1000,,,",",,"(',', 'text')",,
1001,,,text,,"('text', ')')",,
1002,,,),,"(')', 'reproduced')",,
1003,,,reproduced,,"('reproduced', 'published')",,
1004,,,published,,"('published', 'sources')",,
1005,,,sources,,"('sources', ')')",,
1006,,,),,"(')', ',')",,
1007,,,",",,"(',', 'etc')",,
1008,,,etc,,"('etc', '.')",,
1009,,,.,,"('.', 'Managing')",,
1010,,,Managing,,"('Managing', 'stages')",,
1011,,,stages,,"('stages', 'digital')",,
1012,,,digital,,"('digital', 'content')",,
1013,,,content,,"('content', 'production')",,
1014,,,production,,"('production', 'lifecycle')",,
1015,,,lifecycle,,"('lifecycle', 'scholarly')",,
1016,,,scholarly,,"('scholarly', 'publication')",,
1017,,,publication,,"('publication', 'copyediting')",,
1018,,,copyediting,,"('copyediting', ',')",,
1019,,,",",,"(',', 'proofreading')",,
1020,,,proofreading,,"('proofreading', ',')",,
1021,,,",",,"(',', 'typesetting')",,
1022,,,typesetting,,"('typesetting', ',')",,
1023,,,",",,"(',', 'consolidation')",,
1024,,,consolidation,,"('consolidation', 'revisions')",,
1025,,,revisions,,"('revisions', 'received')",,
1026,,,received,,"('received', 'authors')",,
1027,,,authors,,"('authors', ',')",,
1028,,,",",,"(',', 'editors')",,
1029,,,editors,,"('editors', ',')",,
1030,,,",",,"(',', 'proofreaders')",,
1031,,,proofreaders,,"('proofreaders', 'common')",,
1032,,,common,,"('common', '“')",,
1033,,,“,,"('“', 'master')",,
1034,,,master,,"('master', 'proof')",,
1035,,,proof,,"('proof', '”')",,
1036,,,”,,"('”', 'generation')",,
1037,,,generation,,"('generation', 'final')",,
1038,,,final,,"('final', 'electronic')",,
1039,,,electronic,,"('electronic', 'file')",,
1040,,,file,,"('file', 'Tracking')",,
1041,,,Tracking,,"('Tracking', ',')",,
1042,,,",",,"(',', 'reporting')",,
1043,,,reporting,,"('reporting', ',')",,
1044,,,",",,"(',', 'communication')",,
1045,,,communication,,"('communication', ',')",,
1046,,,",",,"(',', 'schedule')",,
1047,,,schedule,,"('schedule', 'management')",,
1048,,,management,,"('management', 'efficient')",,
1049,,,efficient,,"('efficient', 'resource')",,
1050,,,resource,,"('resource', 'management')",,
1051,,,management,,"('management', 'The')",,
1052,,,The,,"('The', 'complete')",,
1053,,,complete,,"('complete', 'project')",,
1054,,,project,,"('project', 'lifecycle')",,
1055,,,lifecycle,,"('lifecycle', 'manuscript')",,
1056,,,manuscript,,"('manuscript', 'final')",,
1057,,,final,,"('final', 'book')",,
1058,,,book,,"('book', 'journal')",,
1059,,,journal,,"('journal', 'workflow-based')",,
1060,,,workflow-based,,"('workflow-based', '(')",,
1061,,,(,,"('(', 'distinct')",,
1062,,,distinct,,"('distinct', 'workflows')",,
1063,,,workflows,,"('workflows', 'books')",,
1064,,,books,,"('books', 'journals')",,
1065,,,journals,,"('journals', ')')",,
1066,,,),,"(')', 'ensuring')",,
1067,,,ensuring,,"('ensuring', 'efficient')",,
1068,,,efficient,,"('efficient', 'turnaround')",,
1069,,,turnaround,,"('turnaround', 'time')",,
1070,,,time,,"('time', 'cost-effectiveness')",,
1071,,,cost-effectiveness,,"('cost-effectiveness', '.')",,
1072,,,.,,"('.', 'SiteMap')",,
1073,,,SiteMap,,"('SiteMap', '-')",,
1074,,,-,,"('-', 'Home')",,
1075,,,Home,,"('Home', '-')",,
1076,,,-,,"('-', 'Services')",,
1077,,,Services,,"('Services', '-')",,
1078,,,-,,"('-', 'Clients')",,
1079,,,Clients,,"('Clients', '-')",,
1080,,,-,,"('-', 'Blog')",,
1081,,,Blog,,"('Blog', '-')",,
1082,,,-,,"('-', 'Careers')",,
1083,,,Careers,,"('Careers', '-')",,
1084,,,-,,"('-', 'About')",,
1085,,,About,,"('About', 'Us')",,
1086,,,Us,,"('Us', '-')",,
1087,,,-,,"('-', 'News')",,
1088,,,News,,"('News', '-')",,
1089,,,-,,"('-', 'Events')",,
1090,,,Events,,"('Events', '-')",,
1091,,,-,,"('-', 'Contact')",,
1092,,,Contact,,"('Contact', 'Us')",,
1093,,,Us,,"('Us', '-')",,
1094,,,-,,"('-', 'Privacy')",,
1095,,,Privacy,,"('Privacy', 'Policy')",,
1096,,,Policy,,"('Policy', '-')",,
1097,,,-,,"('-', 'Terms')",,
1098,,,Terms,,"('Terms', '&')",,
1099,,,&,,"('&', 'Conditions')",,
1100,,,Conditions,,"('Conditions', '-')",,
1101,,,-,,"('-', 'ISO/IEC')",,
1102,,,ISO/IEC,,"('ISO/IEC', '27001')",,
1103,,,27001,,"('27001', ':')",,
1104,,,:,,"(':', '2013')",,
1105,,,2013,,"('2013', '-')",,
1106,,,-,,"('-', 'ISO')",,
1107,,,ISO,,"('ISO', '9001')",,
1108,,,9001,,"('9001', ':')",,
1109,,,:,,"(':', '2015')",,
1110,,,2015,,"('2015', 'Address')",,
1111,,,Address,,"('Address', 'INDIA')",,
1112,,,INDIA,,"('INDIA', '(')",,
1113,,,(,,"('(', 'Corporate')",,
1114,,,Corporate,,"('Corporate', 'Office')",,
1115,,,Office,,"('Office', ')')",,
1116,,,),,"(')', 'Ascendas')",,
1117,,,Ascendas,,"('Ascendas', 'International')",,
1118,,,International,,"('International', 'Tech')",,
1119,,,Tech,,"('Tech', 'Park')",,
1120,,,Park,,"('Park', 'Unit-3')",,
1121,,,Unit-3,,"('Unit-3', ',')",,
1122,,,",",,"(',', 'Level-1')",,
1123,,,Level-1,,"('Level-1', ',')",,
1124,,,",",,"(',', 'Pinnacle')",,
1125,,,Pinnacle,,"('Pinnacle', 'CSIR')",,
1126,,,CSIR,,"('CSIR', 'Road')",,
1127,,,Road,,"('Road', ',')",,
1128,,,",",,"(',', 'Taramani')",,
1129,,,Taramani,,"('Taramani', 'Chennai')",,
1130,,,Chennai,,"('Chennai', '600113')",,
1131,,,600113,,"('600113', 'Tamil')",,
1132,,,Tamil,,"('Tamil', 'Nadu')",,
1133,,,Nadu,,"('Nadu', ',')",,
1134,,,",",,"(',', 'India')",,
1135,,,India,,"('India', 'India')",,
1136,,,India,,"('India', ':')",,
1137,,,:,,"(':', '+91-44-23452922')",,
1138,,,+91-44-23452922,,"('+91-44-23452922', 'UK')",,
1139,,,UK,,"('UK', ':')",,
1140,,,:,,"(':', '+44-20-3287-2783')",,
1141,,,+44-20-3287-2783,,"('+44-20-3287-2783', 'USA')",,
1142,,,USA,,"('USA', ':')",,
1143,,,:,,"(':', '+1-646-736-7767')",,
1144,,,+1-646-736-7767,,"('+1-646-736-7767', 'sales')",,
1145,,,sales,,"('sales', '@')",,
1146,,,@,,"('@', 'exeterpremedia.com')",,
1147,,,exeterpremedia.com,,"('exeterpremedia.com', 'FOLLOW')",,
1148,,,FOLLOW,,"('FOLLOW', 'US')",,
1149,,,US,,"('US', 'ON')",,
1150,,,ON,,"('ON', 'Location')",,
1151,,,Location,,"('Location', 'Copyright')",,
1152,,,Copyright,,"('Copyright', 'All')",,
1153,,,All,,"('All', 'Rights')",,
1154,,,Rights,,"('Rights', 'Reserved')",,
1155,,,Reserved,,"('Reserved', '©')",,
1156,,,©,,"('©', '2019')",,
1157,,,2019,,"('2019', 'Contact')",,
1158,,,Contact,,"('Contact', 'Us')",,
1159,,,Us,,"('Us', 'We')",,
1160,,,We,,"('We', ""'re"")",,
1161,,,'re,,"(""'re"", 'around')",,
1162,,,around,,"('around', 'right')",,
1163,,,right,,"('right', '.')",,
1164,,,.,,"('.', 'But')",,
1165,,,But,,"('But', 'send')",,
1166,,,send,,"('send', 'us')",,
1167,,,us,,"('us', 'email')",,
1168,,,email,,"('email', ""'ll"")",,
1169,,,'ll,,"(""'ll"", 'get')",,
1170,,,get,,"('get', 'back')",,
1171,,,back,,"('back', ',')",,
1172,,,",",,"(',', 'asap')",,
1173,,,asap,,"('asap', '.')",,
1174,,,.,,"('.', 'Send')",,
1175,,,Send,,,,
